StartDate,EndDate,Name,Price,URL,Image,Location,Location,Region,Street,postalCode,Latitude,Longitude,Description
2022-10-12,2022-10-14,CHEF EXPO & SUMMIT 2022 (CO-LOCATED WITH COMMERCIAL KITCHEN EXPO),0.00,https://www.eventbrite.co.uk/e/chef-expo-summit-2022-co-located-with-commercial-kitchen-expo-tickets-87013819677,https://img.evbuc.com/https%3A%2F%2Fcdn.evbuc.com%2Fimages%2F318825579%2F237532290861%2F1%2Foriginal.20220714-203247?w=512&auto=format%2Ccompress&q=75&sharp=10&rect=0%2C0%2C1708%2C854&s=aadbbd96a85ee173820331b19d8b0147,Sarit Expo Centre,Nairobi,Nairobi County,Westlands,,-1.2682643,36.81112140000005,The expo (co-located with East Africa COMMERCIAL KITCHEN EXPO) is the perfect place to find the latest and greatest in HoReCa supplies!
2022-10-05,2022-10-05,STUDY ABROAD EDUCATION EXPO NAIROBI  2022,0.00,https://www.eventbrite.com/e/study-abroad-education-expo-nairobi-2022-tickets-335980957087,https://img.evbuc.com/https%3A%2F%2Fcdn.evbuc.com%2Fimages%2F280738349%2F292352659919%2F1%2Foriginal.20220508-163219?w=512&auto=format%2Ccompress&q=75&sharp=10&rect=0%2C376%2C4496%2C2248&s=8a524523bfc14dc0d05e99d5415c7801,Emara Hotel Ole Sereni,Nairobi,Nairobi County,11010,00500,-1.3266874,36.84698950000001,Do you dream of studying abroad and experiencing a new culture?
2022-10-05,2022-10-05,NAIROBI  INTERNATIONAL EDUCATION FAIR 2022,0.00,https://www.eventbrite.com/e/nairobi-international-education-fair-2022-tickets-335951549127,https://img.evbuc.com/https%3A%2F%2Fcdn.evbuc.com%2Fimages%2F280704259%2F375420464523%2F1%2Foriginal.20220508-134101?w=512&auto=format%2Ccompress&q=75&sharp=10&rect=0%2C376%2C4496%2C2248&s=a155f6780347b7bcf46cbeb48b14340a,Emara Hotel Ole Sereni,Nairobi,Nairobi County,18187,00500,-1.3266874,36.84698950000001,Do you want to study abroad and immerse yourself in a different culture?
2022-09-17,2022-09-17,Mstinji 2022,0.00,https://www.eventbrite.com/e/mstinji-2022-tickets-403899102087,https://img.evbuc.com/https%3A%2F%2Fcdn.evbuc.com%2Fimages%2F337680489%2F492032069509%2F1%2Foriginal.20220818-090135?w=512&auto=format%2Ccompress&q=75&sharp=10&rect=0%2C14%2C1080%2C540&s=ac10786727cd8910145e9b5de2f23706,Alliance Francaise,Nairobi,Nairobi County,Utalii Lane,,-1.282796,36.81654109999999,"The discombobulated manual to getting a mubaba.
A play based on Molière's  comedy masterpiece L'Avare."
2022-10-04,2022-10-05,"AfricArena East Africa Summit in Nairobi, Kenya",0.00,https://www.eventbrite.com/e/africarena-east-africa-summit-in-nairobi-kenya-tickets-385632516237,https://img.evbuc.com/https%3A%2F%2Fcdn.evbuc.com%2Fimages%2F319111679%2F218374360562%2F1%2Foriginal.20220715-112014?w=512&auto=format%2Ccompress&q=75&sharp=10&rect=0%2C0%2C2160%2C1080&s=fa22c4704efb8b0a2fbf69062df4128a,iHub,Nairobi,Nairobi County,"Junction, 6th floor Senteu Plaza, Galana / Lenana Road",00000,-1.2891199,36.7831673,A 2-day conference that will feature pitches from 20+ startups operating in West Africa between Seed stage and Growth stage.
2022-09-22,2022-09-22,4th Edition Connected Banking East Africa -Africa Digital Banking Summit,0.00,https://www.eventbrite.com/e/4th-edition-connected-banking-east-africa-africa-digital-banking-summit-tickets-407858183807,https://img.evbuc.com/https%3A%2F%2Fcdn.evbuc.com%2Fimages%2F341844799%2F1111662533923%2F1%2Foriginal.20220825-075447?w=512&auto=format%2Ccompress&q=75&sharp=10&rect=0%2C0%2C4268%2C2134&s=7c2095d3e1341a731f7dc685dfe50849,Nairobi,Nairobi,Nairobi County,"Villa Rosa Kempinski, Chiromo Road",00800,-1.271462,36.8088652,"With this as a driver, ICSA presents Connected Banking, formerly Africa Digital Banking 
Summit - Innovation and Excellence Awards."
2022-11-05,2022-11-05,TEDx Regional Workshop,0.00,https://www.eventbrite.com/e/tedx-regional-workshop-tickets-388584365297,https://img.evbuc.com/https%3A%2F%2Fcdn.evbuc.com%2Fimages%2F322223589%2F161781589937%2F1%2Foriginal.20220721-115342?w=512&auto=format%2Ccompress&q=75&sharp=10&rect=0%2C0%2C2160%2C1080&s=23fe1c16c6bd7051305851aa05da605a,The Backyard,Nairobi,Nairobi County,50971,00100,-1.3256712,36.715559,"Greetings TEDx organizers of the Kenya Region!
The TEDx Buruburu invites you to join our TEDx regional workshop for TEDx active teams"
2022-09-24,2022-09-24,Creating Dashboards and Storytelling with Tableau,0.00,https://www.eventbrite.co.uk/e/creating-dashboards-and-storytelling-with-tableau-tickets-407855395467,https://demofree.sirv.com/nope-not-here.jpg,Moringa School,Nairobi,Nairobi County,Ngong Lane Plaza,00100,-1.3007235,36.7848629,"You may be asking, what is a dashboard? How do you create one? How do you do so effectively? You may also be wondering where to start."
2022-10-05,2022-10-05,Nairobi International Study abroad fair,0.00,https://www.eventbrite.co.uk/e/nairobi-international-study-abroad-fair-tickets-383844769037,https://img.evbuc.com/https%3A%2F%2Fcdn.evbuc.com%2Fimages%2F322169889%2F190636898012%2F1%2Foriginal.20220713-083949?w=512&auto=format%2Ccompress&q=75&sharp=10&rect=0%2C504%2C4032%2C2016&s=131cc93d637a02e42401ca09ec0420bf,Emara Hotel Ole Sereni,Nairobi,Nairobi County,101010,00500,-1.3266874,36.84698950000001,Lekkside International Education Fair 2022 is the right place to be
2023-03-09,2023-03-12,Interiors Expo 2023,0.00,https://www.eventbrite.co.uk/e/interiors-expo-2023-tickets-166488402293,https://img.evbuc.com/https%3A%2F%2Fcdn.evbuc.com%2Fimages%2F143963425%2F237532290861%2F1%2Foriginal.20210809-102046?w=512&auto=format%2Ccompress&q=75&sharp=10&rect=310%2C0%2C2730%2C1365&s=a046e8abdca9c5568f25a1a842bc48e0,Sarit Expo Centre,Nairobi,Nairobi County,Westlands,,-1.2602365,36.80652090000001,Ideas to spark your creativity! Do you need some inspiration for your home?
2022-09-10,2022-09-10,Godless Corner,0.00,https://www.eventbrite.com/e/godless-corner-tickets-211882515307,https://img.evbuc.com/https%3A%2F%2Fcdn.evbuc.com%2Fimages%2F253173599%2F184713249715%2F1%2Foriginal.20220323-171107?w=512&auto=format%2Ccompress&q=75&sharp=10&rect=0%2C0%2C2160%2C1080&s=8156eb8ef8edca4e1cff65ce36a056a7,Café safari,Nairobi,Nairobi,"Cafe Safari, KICC",00200,-1.2886589,36.8232611,"Meet and interact with agnostics, atheists, skeptics, humanists secularists, and free-thinkers in person."
2022-09-08,2022-09-08,Speed Dating Party for Single Professionals,0.00,https://www.eventbrite.com/e/speed-dating-party-for-single-professionals-tickets-370327979957,https://img.evbuc.com/https%3A%2F%2Fcdn.evbuc.com%2Fimages%2F305598659%2F347079684105%2F1%2Foriginal.20220620-091419?w=512&auto=format%2Ccompress&q=75&sharp=10&rect=0%2C295%2C1180%2C590&s=c40ec9a557567758801db142b22b52d4,Chester Hotel & Suites,Nairobi,Nairobi County,Koinange Street,,-1.2845333,36.8189314,"A party for busy, single professional who  want to meet new people in a relaxed environment, hold cool conversations and see where it leads."
2022-10-06,2022-10-06,MKTE 2022 Networking,0.00,https://www.eventbrite.co.uk/e/mkte-2022-networking-tickets-403368234247,https://img.evbuc.com/https%3A%2F%2Fcdn.evbuc.com%2Fimages%2F336192019%2F202811835147%2F1%2Foriginal.20220816-102129?w=512&auto=format%2Ccompress&q=75&sharp=10&rect=0%2C0%2C2160%2C1080&s=0e34e37aa6ecb6ba89792743fc018ffc,Matbronze Art Gallery & Foundry,Nairobi,Nairobi County,Kifaru Lane,,-1.3663124,36.74780939999999,Join ATTA for a networking evening at Matbronze in Nairobi in partnership with Profitroom and Dion Wines
2022-09-10,2022-09-10,Forex / Volatility 75 Index Traders.,0.00,https://www.eventbrite.ch/e/forex-volatility-75-index-traders-tickets-410202074447,https://img.evbuc.com/https%3A%2F%2Fcdn.evbuc.com%2Fimages%2F344340019%2F311613982936%2F1%2Foriginal.20220830-011403?w=512&auto=format%2Ccompress&q=75&sharp=10&rect=0%2C0%2C680%2C340&s=2daa2aeb4cde56819a761305a9b57508,Golden Tulip Westlands Nairobi,Nairobi,Nairobi County,65 Muthithi Road,,-1.2698415,36.8110271,Education and Investment in Financial markets.
2022-09-06,2022-09-06,SUNSET YOGA,0.00,https://www.eventbrite.com/e/sunset-yoga-tickets-411559574767,https://img.evbuc.com/https%3A%2F%2Fcdn.evbuc.com%2Fimages%2F345820959%2F1121748937953%2F1%2Foriginal.20220831-205140?w=512&auto=format%2Ccompress&q=75&sharp=10&rect=0%2C37%2C1920%2C960&s=d4acd336647f746d513edb10840cda7f,KICC Helipad,Nairobi,Nairobi County,Harambee Avenue,,-1.2887216,36.82281739999999,"Come for a 1hour yoga class connect,network,exercise, enjoy the spectacular view of Nairobi city,blue sky and sunset 105m high at the KICC"
2022-09-07,2022-09-07,Intellectual Property for Creatives,0.00,https://www.eventbrite.com/e/intellectual-property-for-creatives-tickets-410307700377,https://img.evbuc.com/https%3A%2F%2Fcdn.evbuc.com%2Fimages%2F346890019%2F1070040998453%2F1%2Foriginal.20220902-101121?w=512&auto=format%2Ccompress&q=75&sharp=10&rect=0%2C0%2C2160%2C1080&s=809854997840dbda17cbd1128c5c6a78,Tetu Apartments,Nairobi,Nairobi County,State House Avenue,,-1.2871739,36.8057725,Building artist Capacity
2022-09-17,2022-09-17,Women in Hospitality Procurement,0.00,https://www.eventbrite.com/e/women-in-hospitality-procurement-tickets-405123464187,https://img.evbuc.com/https%3A%2F%2Fcdn.evbuc.com%2Fimages%2F341090199%2F1093007194303%2F1%2Foriginal.20220824-074000?w=512&auto=format%2Ccompress&q=75&sharp=10&rect=0%2C0%2C2160%2C1080&s=d03c4d9ba27ea53f437a4bf978d3fb17,Jenga Leo - Coworking,Nairobi,Nairobi County,Mpesi Lane,,-1.2644722,36.80711629999999,Join TopUp Mama for a morning of networking with fellow female peers in the hospitality industry.
2022-11-09,2022-11-11,The Big 5 Construct Kenya,0.00,https://www.eventbrite.com/e/the-big-5-construct-kenya-tickets-360383365347,https://img.evbuc.com/https%3A%2F%2Fcdn.evbuc.com%2Fimages%2F299297649%2F1002041037563%2F1%2Foriginal.20220608-104732?w=512&auto=format%2Ccompress&q=75&sharp=10&rect=0%2C30%2C760%2C380&s=ca9f960f45b96b5fb2ff4abeafe48ecd,The Sarit Expo Centre,Nairobi,Nairobi County,Pio Gama Pinto Road,00800,-1.2606597,36.80151849999999,Bringing the entire construction value chain together to accelerate business in Kenya
2022-09-07,2022-09-07,Dance at Chicfit,0.00,https://www.eventbrite.com/e/dance-at-chicfit-tickets-405852875877,https://img.evbuc.com/https%3A%2F%2Fcdn.evbuc.com%2Fimages%2F339227449%2F552530458417%2F1%2Foriginal.20220821-143049?w=400&auto=format%2Ccompress&q=75&sharp=10&s=66c24cbc6979d5eec242e2364c7ec9be,HH Towers 11th Floor,Nairobi,Nairobi County,Kenyatta Avenue,00100,-1.2833955,36.8234749,Dance Fitness Class that allows you to release the tension in your body and just relax.  Great cardio for your workout routine.
2022-09-24,2022-09-24,Sugar Brown Burlesque presents: Burlesque bad & Bougie Comedy Tour,0.00,https://www.eventbrite.com/e/sugar-brown-burlesque-presents-burlesque-bad-bougie-comedy-tour-tickets-394503900787,https://img.evbuc.com/https%3A%2F%2Fcdn.evbuc.com%2Fimages%2F342228259%2F1976632244%2F1%2Foriginal.20220825-183951?w=300&auto=format%2Ccompress&q=75&sharp=10&rect=0%2C0%2C300%2C150&s=14df1125dfd564e573fe2d9dc0399ca1,Sarakasi Dome,Nairobi,Nairobi County,Ngara Road,,-1.2767673,36.82695619999999,Burlesque & comedy
2022-11-02,2022-11-04,Privacy Symposium Africa 2022,0.00,https://www.eventbrite.com/e/privacy-symposium-africa-2022-tickets-394929423537,https://img.evbuc.com/https%3A%2F%2Fcdn.evbuc.com%2Fimages%2F328181459%2F1078660878173%2F1%2Foriginal.20220802-070924?w=512&auto=format%2Ccompress&q=75&sharp=10&rect=5%2C58%2C1048%2C524&s=bb7a3c98be2a0ebdac16192daa904e64,Strathmore University,Nairobi,Nairobi County,"Karen Ole Sangale Rd, off Langata Road",0000,-1.3065222,36.81773099999999,A pan-African platform established by Unwanted Witness to discuss the latest technological trends in Data Protection & Privacy.
2022-10-22,2022-10-22,EAST AFRICA INTERNATIONAL FASHION WEEK,0.00,https://www.eventbrite.com/e/east-africa-international-fashion-week-tickets-198284754037,https://img.evbuc.com/https%3A%2F%2Fcdn.evbuc.com%2Fimages%2F173369829%2F553666404767%2F1%2Foriginal.20211025-134024?w=512&auto=format%2Ccompress&q=75&sharp=10&rect=0%2C43%2C768%2C384&s=aaeaea7e6bddb578be41b37a3244b44d,Sentrim Hotels and Lodges,Nairobi,Nairobi County,Kenyatta Avenue,00100,-1.2855716,36.8202294,"Founded in 2019 by ELESHIA AIS , East Africa International Fashion Week has led the way in highlighting Africa's emerging designers"
2022-09-07,2022-09-07,Data Analytics & Visualization with Power BI,0.00,https://www.eventbrite.com/e/data-analytics-visualization-with-power-bi-tickets-339846769837,https://img.evbuc.com/https%3A%2F%2Fcdn.evbuc.com%2Fimages%2F284152259%2F960222301283%2F1%2Foriginal.20220513-105307?w=304&auto=format%2Ccompress&q=75&sharp=10&rect=0%2C7%2C304%2C152&s=f910c8af22de200455c91a56703ebee0,PrideInn Azure Hotel Nairobi,Nairobi,Nairobi,Lantana Road,390,-1.2668888,36.79655959999999,Learn how you can leverage Power BI to easily build reports and dashboards with interactive visualizations.
2023-11-16,2023-11-16,Kenya Tech Summit,0.00,https://www.eventbrite.com/e/kenya-tech-summit-tickets-162901255039,https://img.evbuc.com/https%3A%2F%2Fcdn.evbuc.com%2Fimages%2F141254671%2F272798929277%2F1%2Foriginal.20210710-160402?w=512&auto=format%2Ccompress&q=75&sharp=10&rect=171%2C0%2C682%2C341&s=48849aa60c7da294d27f4b8b2dbcd78e,Location TBA,Nairobi,,Location TBA,0000,-1.2920659,36.8219462,2nd  Annual Kenya Tech Summit
2022-09-14,2022-09-14,Movie Screening: The Wisdom of Trauma,0.00,https://www.eventbrite.com/e/movie-screening-the-wisdom-of-trauma-tickets-412984175787,https://img.evbuc.com/https%3A%2F%2Fcdn.evbuc.com%2Fimages%2F347120679%2F258433648316%2F1%2Foriginal.20220902-163715?w=512&auto=format%2Ccompress&q=75&sharp=10&rect=0%2C60%2C1920%2C960&s=3650aba9e237e88393a9397904aa3d84,Unseen Nairobi,Nairobi,Nairobi County,Wood Avenue,,-1.292473,36.7861948,"A JOURNEY TO THE ROOT OF HUMAN PAIN AND THE SOURCE OF HEALING, WITH DR. GABOR MATÉ."
2022-09-10,2022-09-10,Financial Literacy Month,0.00,https://www.eventbrite.com/e/financial-literacy-month-tickets-412707076977,https://img.evbuc.com/https%3A%2F%2Fcdn.evbuc.com%2Fimages%2F346821079%2F86322560521%2F1%2Foriginal.20220902-063938?w=512&auto=format%2Ccompress&q=75&sharp=10&rect=0%2C0%2C1024%2C512&s=7c9a6b10f9c2fa7499d091636f6e88b5,Sarit Centre,Nairobi,Nairobi County,Karuna Road,,-1.2611605,36.80197769999999,"Financial literacy sessions for creatives, entrepreneurs and changemakers. Limited spaces, sign up to book your seat on: https://cutt.ly/fin"
2022-09-19,2022-09-23,Auto Security & safety Systems Installation Skills,0.00,https://www.eventbrite.com/e/auto-security-safety-systems-installation-skills-tickets-225807304727,https://img.evbuc.com/https%3A%2F%2Fcdn.evbuc.com%2Fimages%2F199219689%2F29650787725%2F1%2Foriginal.20211210-122328?w=500&auto=format%2Ccompress&q=75&sharp=10&rect=0%2C25%2C500%2C250&s=a9ea7bfb19e939cf474bd36e61887bb5,KENVISION TECHNIKS WORKSHOPS,Nairobi,Nairobi,KAHAWA SUKARI AVE,,-1.1892513,36.93200019999995,his unit describes the performance outcomes required to install and test automotive security systems and components in vehicles or machinery
2022-09-19,2022-09-23,Automotive Key Programming Skills Training,0.00,https://www.eventbrite.com/e/automotive-key-programming-skills-training-tickets-223934473037,https://img.evbuc.com/https%3A%2F%2Fcdn.evbuc.com%2Fimages%2F197479349%2F29650787725%2F1%2Foriginal.20210130-130355?w=512&auto=format%2Ccompress&q=75&sharp=10&rect=0%2C103%2C1358%2C679&s=07a89b0d070ac98c2a687a3d35f71038,KENVISION TECHNIKS WORKSHOPS,Nairobi,Nairobi,KAHAWA SUKARI AVE,,-1.1892513,36.93200019999995,"This course offers everything from basic to the advanced key programming equipment, together with actual vehicle scenarios.."
2022-10-13,2022-10-13,"Sales, Solution Selling &Negotiation Skills Training Nairobi, KE",0.00,https://www.eventbrite.co.uk/e/sales-solution-selling-negotiation-skills-training-nairobi-ke-tickets-394552987607,https://img.evbuc.com/https%3A%2F%2Fcdn.evbuc.com%2Fimages%2F347877179%2F1035987601693%2F1%2Foriginal.20220904-212613?w=200&auto=format%2Ccompress&q=75&sharp=10&s=f2f94e315f5c4d868763bdbe6b729b60,The Sarit Expo Centre,Nairobi,Nairobi County,Sarit Expo Center,00800,-1.2920659,36.8219462,Sell effectively and solve your customers' problems while negotiating a win-win scenario by learning from experts on 8th Sept 2022.
2022-09-10,2022-09-10,NGONG HILLS HIKE @KES2500,0.00,https://www.eventbrite.com/e/ngong-hills-hike-kes2500-tickets-413249017937,https://img.evbuc.com/https%3A%2F%2Fcdn.evbuc.com%2Fimages%2F347419989%2F269149396129%2F1%2Foriginal.20220903-071300?w=512&auto=format%2Ccompress&q=75&sharp=10&rect=0%2C82%2C750%2C375&s=04526099d671eeeda979149693a3c3f5,KENCOM,NAIROBI,,CBD,00100,-1.2920659,36.8219462,Ngong hills hiking adventure
2022-11-04,2022-11-04,Master Class: Legal and practical considerations for commercial use of data,0.00,https://www.eventbrite.com/e/master-class-legal-and-practical-considerations-for-commercial-use-of-data-tickets-407829447857,https://img.evbuc.com/https%3A%2F%2Fcdn.evbuc.com%2Fimages%2F341813409%2F1078660878173%2F1%2Foriginal.20220825-055541?w=512&auto=format%2Ccompress&q=75&sharp=10&rect=0%2C147%2C1500%2C750&s=da83eafab6f03427d206dab68b77b638,Strathmore University,Nairobi,Nairobi County,"Karen Ole Sangale Rd, off Langata Road",0000,-1.3065222,36.81773099999999,This master class is part of the 4th edition of the Privacy Symposium Africa 2022. It will be facilitated by Bowmans
2022-09-12,2022-09-12,Project Needs Assessment Training (Virtually and Onsite),0.00,https://www.eventbrite.com/e/project-needs-assessment-training-virtually-and-onsite-tickets-216134483057,https://img.evbuc.com/https%3A%2F%2Fcdn.evbuc.com%2Fimages%2F190597009%2F257297691896%2F1%2Foriginal.20211123-090129?w=512&auto=format%2Ccompress&q=75&sharp=10&rect=0%2C121%2C532%2C266&s=e74bb28c1cfc939478cf93a7169d9e44,Fahari Palm Meetings and Accomodation,Kilimani,Nairobi,"George Padmore Road, Kilimani-Hurlingham",00300,-1.2963412,36.7913972,Project Needs Assessment Training
2022-09-19,2022-09-19,"Planning, Programming and Monitoring Projects Training",0.00,https://www.eventbrite.com/e/planning-programming-and-monitoring-projects-training-tickets-216137311517,https://img.evbuc.com/https%3A%2F%2Fcdn.evbuc.com%2Fimages%2F190600549%2F257297691896%2F1%2Foriginal.20211123-091400?w=512&auto=format%2Ccompress&q=75&sharp=10&rect=0%2C60%2C904%2C452&s=bf0641db5ff22b31d73d5c384f1782ef,Fahari Palm Meetings and Accomodation,Kilimani,Nairobi,"George Padmore Road, Kilimani-Hurlingham",00300,-1.2963412,36.7913972,"Planning, Programming, and Monitoring Projects Training (Virtually and Onsite)"
2022-10-14,2022-10-14,"Customer Service Excellence & Emotional Intelligence Training, Nairobi KE",0.00,https://www.eventbrite.co.uk/e/customer-service-excellence-emotional-intelligence-training-nairobi-ke-tickets-394527080117,https://img.evbuc.com/https%3A%2F%2Fcdn.evbuc.com%2Fimages%2F347879859%2F1035987601693%2F1%2Foriginal.20220904-213856?w=512&auto=format%2Ccompress&q=75&sharp=10&rect=0%2C111%2C800%2C400&s=54c318e55bdb808478544091ab0e4f9b,The Sarit Expo Centre,Nairobi,Nairobi County,Sarit Expo Center,00800,-1.2920659,36.8219462,Grow your Business and Profits with excellent Customer Service. Learn time-tested and innovative strategies in this expert-led training
2022-09-12,2022-09-12,Procurement Planning and Budgeting Training (Virtual and Onsite),0.00,https://www.eventbrite.com/e/procurement-planning-and-budgeting-training-virtual-and-onsite-tickets-216131724807,https://img.evbuc.com/https%3A%2F%2Fcdn.evbuc.com%2Fimages%2F190594539%2F257297691896%2F1%2Foriginal.20211123-085351?w=512&auto=format%2Ccompress&q=75&sharp=10&rect=0%2C404%2C4852%2C2426&s=2cdaf88b160190a882a86d195347deb2,Fahari Palm Meetings and Accomodation,Kilimani,Nairobi,"George Padmore Road, Kilimani-Hurlingham",00300,-1.2963412,36.7913972,Procurement Planning and Budgeting
2022-11-02,2022-11-02,Master Class: Utilising data while safeguarding women safety online.,0.00,https://www.eventbrite.com/e/master-class-utilising-data-while-safeguarding-women-safety-online-tickets-407834302377,https://img.evbuc.com/https%3A%2F%2Fcdn.evbuc.com%2Fimages%2F341819159%2F1078660878173%2F1%2Foriginal.20220825-061738?w=512&auto=format%2Ccompress&q=75&sharp=10&rect=0%2C101%2C1500%2C750&s=4878beb46e0ad169231ca0cdac2519ff,Strathmore University,Nairobi,Nairobi County,"Karen Ole Sangale Rd, off Langata Road",0000,-1.3065222,36.81773099999999,How the public can take advantage of the new opportunities presented by publicly existing data while safeguarding women's safety online?
2022-09-19,2022-09-30,"Comprehensive CCTV Skills: Planning, Design, Installation & Maintenance",0.00,https://www.eventbrite.com/e/comprehensive-cctv-skills-planning-design-installation-maintenance-tickets-264196046487,https://img.evbuc.com/https%3A%2F%2Fcdn.evbuc.com%2Fimages%2F225364279%2F29650787725%2F1%2Foriginal.jpg?w=512&auto=format%2Ccompress&q=75&sharp=10&rect=0%2C80%2C960%2C480&s=2e4bc357bc07ba373c2386853a710686,Kenvision Techniks Talent Centre,Nairobi,Nairobi,Q7-9 Feliz Stalls,00200,-1.1890227,36.9325552,"Comprehensive CCTV Skills: Planning, Design, Installation & Maintenance"
2022-09-05,2022-09-09,Electronic Records/ Information Management  Skills - A Certificate Course,0.00,https://www.eventbrite.com/e/electronic-records-information-management-skills-a-certificate-course-tickets-264190219057,https://img.evbuc.com/https%3A%2F%2Fcdn.evbuc.com%2Fimages%2F225354109%2F29650787725%2F1%2Foriginal.20200215-063005?w=370&auto=format%2Ccompress&q=75&sharp=10&rect=0%2C52%2C370%2C185&s=5519ad36e67d95f486e1ec837a2ad11c,Sunstar Hotel Nairobi,Nairobi,Nairobi County,Garden Estate Road,,-1.234408,36.86766899999998,"Electronic Records/ Information Management-1- Certificate Training

Do you keep files you don’t need?
Are you missing files you do need?
Doe"
2022-09-10,2022-09-10,Herbal Remedy Talks,0.00,https://www.eventbrite.com/e/herbal-remedy-talks-tickets-308285509257,https://img.evbuc.com/https%3A%2F%2Fcdn.evbuc.com%2Fimages%2F255329599%2F762176175203%2F1%2Foriginal.20220327-194639?w=512&auto=format%2Ccompress&q=75&sharp=10&rect=0%2C55%2C644%2C322&s=97b4c45bbaf4301084b1f5af09fac5f2,The Word Eco Park,Nairobi,Nairobi County,Opposite Gituamba Primary,00200,-1.2602033,37.0066486,"Discuss, identify, prepare and learn about common herbal remedies and plants."
2022-09-19,2022-09-19,Project Evaluation Training (Virtually and Onsite),0.00,https://www.eventbrite.com/e/project-evaluation-training-virtually-and-onsite-tickets-407915475167,https://img.evbuc.com/https%3A%2F%2Fcdn.evbuc.com%2Fimages%2F341894509%2F257297691896%2F1%2Foriginal.20220825-100612?w=512&auto=format%2Ccompress&q=75&sharp=10&rect=1%2C307%2C1800%2C900&s=af602a9e8117de8c9fa8d01155a1f998,Fahari Palm Meetings and Accomodation,Kilimani,Nairobi,"George Padmore Road, Kilimani-Hurlingham",00300,-1.2963412,36.7913972,Project Evaluation Training (Virtually and Onsite)
2022-09-19,2022-09-19,Introduction to Monitoring and Evaluation of Development Projects,0.00,https://www.eventbrite.com/e/introduction-to-monitoring-and-evaluation-of-development-projects-tickets-407996156487,https://img.evbuc.com/https%3A%2F%2Fcdn.evbuc.com%2Fimages%2F341976899%2F257297691896%2F1%2Foriginal.20220825-100612?w=512&auto=format%2Ccompress&q=75&sharp=10&rect=1%2C307%2C1800%2C900&s=b20b389f10dc8fa435bab64b9f462895,Fahari Palm Meetings and Accomodation,Kilimani,Nairobi,"George Padmore Road, Kilimani-Hurlingham",00300,-1.2963412,36.7913972,Introduction to Monitoring and Evaluation of Development Projects (Virtual and Onsite)
2022-09-19,2022-09-23,Biometric Access Control & Time Attendance Systems Installation Skills,0.00,https://www.eventbrite.com/e/biometric-access-control-time-attendance-systems-installation-skills-tickets-264200319267,https://img.evbuc.com/https%3A%2F%2Fcdn.evbuc.com%2Fimages%2F225367899%2F29650787725%2F1%2Foriginal.20211210-072701?w=512&auto=format%2Ccompress&q=75&sharp=10&rect=0%2C99%2C600%2C300&s=42d6e761e9f448062edf6a7d958116e1,KENVISION TECHNIKS WORKSHOPS,Nairobi,Nairobi,KAHAWA SUKARI AVE,,-1.1892513,36.93200019999995,Biometric Access Control System is the best choice for unauthorized Access within company premises. Biometrics are now considered to be an e
2022-09-16,2022-09-16,"Nuzo.co Launch Party - Shop, Sell & Earn",0.00,https://www.eventbrite.com/e/nuzoco-launch-party-shop-sell-earn-tickets-413278987577,https://img.evbuc.com/https%3A%2F%2Fcdn.evbuc.com%2Fimages%2F347457479%2F623759090903%2F1%2Foriginal.20220903-121819?w=512&auto=format%2Ccompress&q=75&sharp=10&rect=0%2C338%2C1200%2C600&s=286512b872bbe86c860eb4b057dc65d9,Nairobi Garage,Nairobi,Nairobi County,General Mathenge Road,,-1.2567278,36.8046783,"Nuzo Launch Party - Meet the Nuzo team, learn how Nuzo works and win great prizes!"
2022-09-14,2022-09-14,The Catalyst -  “The state of digital security and privacy in Business”,0.00,https://www.eventbrite.co.uk/e/the-catalyst-the-state-of-digital-security-and-privacy-in-business-tickets-414127465397,https://img.evbuc.com/https%3A%2F%2Fcdn.evbuc.com%2Fimages%2F348183939%2F860964637453%2F1%2Foriginal.20220905-134738?w=512&auto=format%2Ccompress&q=75&sharp=10&rect=0%2C47%2C1620%2C810&s=22fe4260559ac593b75bea20a78e7621,iHub,Nairobi,-,"6th Floor, Senteu Plaza- Galana Road",00505,-1.2902737,36.7831501,Register for this month's edition of 'the Catalyst'
2022-11-03,2022-11-03,Master Class on Public – Private Surveillance Partnerships,0.00,https://www.eventbrite.com/e/master-class-on-public-private-surveillance-partnerships-tickets-405259741797,https://img.evbuc.com/https%3A%2F%2Fcdn.evbuc.com%2Fimages%2F338515509%2F1078660878173%2F1%2Foriginal.20220819-142534?w=512&auto=format%2Ccompress&q=75&sharp=10&rect=191%2C69%2C720%2C360&s=78ba03c1f6b41deaade553bcf73e5862,Strathmore University,Nairobi,Nairobi County,"Karen Ole Sangale Rd, off Langata Road",0000,-1.3065222,36.81773099999999,We will provide concrete learning opportunities so that attendees can efficiently research and challenge these partnerships in their work.
2022-09-26,2022-09-26,Project Evaluation Training (Virtually and Onsite),0.00,https://www.eventbrite.com/e/project-evaluation-training-virtually-and-onsite-tickets-216169307217,https://img.evbuc.com/https%3A%2F%2Fcdn.evbuc.com%2Fimages%2F190626919%2F257297691896%2F1%2Foriginal.20211123-102337?w=512&auto=format%2Ccompress&q=75&sharp=10&rect=0%2C78%2C904%2C452&s=8f15b8471d5d123bf87d54ab8be17816,Fahari Palm Meetings and Accomodation,Kilimani,Nairobi,"George Padmore Road, Kilimani-Hurlingham",00300,-1.2963412,36.7913972,Project Evaluation Training (Virtually and Onsite)
2022-09-23,2022-09-23,AFARA Launch: Opportunities for Emerging Creators,0.00,https://www.eventbrite.com/e/afara-launch-opportunities-for-emerging-creators-tickets-413672113427,https://img.evbuc.com/https%3A%2F%2Fcdn.evbuc.com%2Fimages%2F347739139%2F545458234983%2F1%2Foriginal.20220904-133917?w=512&auto=format%2Ccompress&q=75&sharp=10&rect=0%2C86%2C1024%2C512&s=ce80b97f5960c422e0dd348f3acefab1,iHub,Nairobi,Nairobi County,,,-1.2920659,36.8219462,AFARA is an initiative of JENGE Kulture aimed at helping Emerging African Creators & Innovators access Opportunities for Work.
2022-12-09,2022-12-11,East Africa Gaming Convention 2022,0.00,https://www.eventbrite.com/e/east-africa-gaming-convention-2022-tickets-395771833207,https://img.evbuc.com/https%3A%2F%2Fcdn.evbuc.com%2Fimages%2F328955579%2F192316792531%2F1%2Foriginal.20220803-090332?w=512&auto=format%2Ccompress&q=75&sharp=10&rect=21%2C0%2C1012%2C506&s=f844e786bbd2cd0df99c035ed6ec549d,TBC,Nairobi,none,Nairobi,64451,-1.2920659,36.8219462,"Simply put, imagine a massive venue filled with nothing but video games, merchandise retailers, collectors and fellow gamers eager to play"
2022-09-26,2022-10-07,CCTV System Operator & Control Room Management,0.00,https://www.eventbrite.com/e/cctv-system-operator-control-room-management-tickets-373577238577,https://img.evbuc.com/https%3A%2F%2Fcdn.evbuc.com%2Fimages%2F308677749%2F29650787725%2F1%2Foriginal.20220625-152443?w=267&auto=format%2Ccompress&q=75&sharp=10&s=e402028015e7f8f94f163de927e40d5b,Kenvision Techniks Ltd,Nairobi,Kiambu,"Q7-9, Feliz Stalls",00200,-1.1891538,36.932675700000004,"Introduction
CCTV system operators are the link between the system technology and its effective use."
2022-11-23,2022-11-23,"Flower Logistics Africa 2022 | FLA 2022 | Nairobi, Kenya",0.00,https://www.eventbrite.com/e/flower-logistics-africa-2022-fla-2022-nairobi-kenya-tickets-403365887227,https://img.evbuc.com/https%3A%2F%2Fcdn.evbuc.com%2Fimages%2F336183629%2F1098183768433%2F1%2Foriginal.20220816-095826?w=512&auto=format%2Ccompress&q=75&sharp=10&rect=0%2C0%2C1200%2C600&s=cd1ff15387ae0e337d1a8ba18c5530d0,"Radisson Blu Hotel, Nairobi Upper Hill",Nairobi,Nairobi County,"Elgon Road, Nairobi, 00100, Kenya",00100,-1.302069,36.8158643,"People’s love of flowers might seem frivolous, but it drives a worldwide industry worth billions of dollars."
2022-09-26,2022-09-26,Community Based Climate Change Adaptation & Resilience,0.00,https://www.eventbrite.com/e/community-based-climate-change-adaptation-resilience-tickets-408421629087,https://img.evbuc.com/https%3A%2F%2Fcdn.evbuc.com%2Fimages%2F342545109%2F257297691896%2F1%2Foriginal.20220826-063909?w=512&auto=format%2Ccompress&q=75&sharp=10&rect=0%2C0%2C940%2C470&s=578c97ce4cbe1c5b7a04bfd4bd42fbfb,Fahari Palm Meetings and Accomodation,Kilimani,Nairobi,"George Padmore Road, Kilimani-Hurlingham",00300,-1.2963412,36.7913972,Community Based Climate Change Adaptation & Resilience
2022-11-03,2022-11-05,Kenya Diaspora Summit,0.00,https://www.eventbrite.com/e/kenya-diaspora-summit-tickets-321586352437,https://img.evbuc.com/https%3A%2F%2Fcdn.evbuc.com%2Fimages%2F267344969%2F284257472514%2F1%2Foriginal.20220415-020709?w=512&auto=format%2Ccompress&q=75&sharp=10&rect=0%2C7%2C600%2C300&s=98e66a69926e25b5481b10640b88a392,Nairobi,Nairobi,Nairobi,100,00000,-1.2920659,36.8219462,"Attend the 1st Kenya Diaspora Summit to be held in Nairobi, Nairobi, Kenya in Nov 3-5, 2022. The speakers' theme is ""Disruptive ideas"""
2022-10-14,2022-10-14,SME EMPLOYERS BREAKFAST ROUNDTABLE,0.00,https://www.eventbrite.com/e/sme-employers-breakfast-roundtable-tickets-407046606357,https://img.evbuc.com/https%3A%2F%2Fcdn.evbuc.com%2Fimages%2F340759869%2F1109096405893%2F1%2Foriginal.20220823-192209?w=512&auto=format%2Ccompress&q=75&sharp=10&rect=0%2C0%2C1594%2C797&s=6040a89fb75253a1aa4a7edf56eec6c3,Java House - Garden City Mall,Nairobi,Nairobi County,Thika rd,00100,-1.2163932,36.8949246,"Let’s discuss Employee Retention. It costs a business an average of more than KES 200,287.50 to replace an employee."
2022-10-03,2022-10-03,Project Needs Assessment Training (Virtually and Onsite),0.00,https://www.eventbrite.com/e/project-needs-assessment-training-virtually-and-onsite-tickets-408479923447,https://img.evbuc.com/https%3A%2F%2Fcdn.evbuc.com%2Fimages%2F342556159%2F257297691896%2F1%2Foriginal.20220826-072535?w=512&auto=format%2Ccompress&q=75&sharp=10&rect=0%2C432%2C5184%2C2592&s=ae83b05eac9bc9bea3cc133e2040e457,Fahari Palm Meetings and Accomodation,Kilimani,Nairobi,"George Padmore Road, Kilimani-Hurlingham",00300,-1.2963412,36.7913972,Project Needs Assessment Training (Virtually and Onsite)
2022-11-04,2022-11-04,The Transform Food Kenya Festival 2022,0.00,https://www.eventbrite.co.uk/e/the-transform-food-kenya-festival-2022-tickets-403308214727,https://img.evbuc.com/https%3A%2F%2Fcdn.evbuc.com%2Fimages%2F342534279%2F1098038569103%2F1%2Foriginal.20220826-060307?w=512&auto=format%2Ccompress&q=75&sharp=10&rect=0%2C0%2C2160%2C1080&s=bf06e6546b710f6dd5d9121b1ceeed52,Zen Garden,Nairobi,Nairobi County,Lower Kabete Road,,-1.2445651,36.769689,THE TRANSFORM FOOD KENYA FESTIVAL 2022:  Unleashing leadership action to transform food systems
2022-10-19,2022-10-22,The AFALA 2022 - The African Assembly on Linguistic Anthropology 2022,0.00,https://www.eventbrite.com.au/e/the-afala-2022-the-african-assembly-on-linguistic-anthropology-2022-tickets-144755558773,https://img.evbuc.com/https%3A%2F%2Fcdn.evbuc.com%2Fimages%2F183472439%2F520842095815%2F1%2Foriginal.20210614-121504?w=512&auto=format%2Ccompress&q=75&sharp=10&rect=280%2C0%2C1360%2C680&s=0907942b2a5d87691d2b6a4d6670ce14,Kipande Road,Nairobi,Nairobi County,Kipande Road,,-1.2751086,36.8182249,"The SOAS GLOCAL AFALA 2022, The GLOCAL Assembly on African Linguistic Anthropology in University of Nairobi, Kenya."
2022-11-26,2022-11-27,Ed Tech Africa Summit- The Future Of Learning,0.00,https://www.eventbrite.co.uk/e/ed-tech-africa-summit-the-future-of-learning-tickets-319629258717,https://img.evbuc.com/https%3A%2F%2Fcdn.evbuc.com%2Fimages%2F301741659%2F233903273324%2F1%2Foriginal.20220613-043524?w=512&auto=format%2Ccompress&q=75&sharp=10&rect=0%2C35%2C1280%2C640&s=4ff613c3ab11599282e297a8f184d3c0,The Sarit Expo Centre,Nairobi,Nairobi County,Lower Kabete,00800,-1.2427691,36.7617496,Ed Tech Africa Summit brings leading industry stakeholders to explore technology and digitisation for the advancement of education in Africa
2022-11-09,2022-11-11,"VIRTUAL SOFTWARE DEVELOPMENT CONFERENCE  Nairobi, Kenya",0.00,https://www.eventbrite.com/e/virtual-software-development-conference-nairobi-kenya-tickets-409802770117,https://img.evbuc.com/https%3A%2F%2Fcdn.evbuc.com%2Fimages%2F343756509%2F1083060350403%2F1%2Foriginal.20220817-062044?w=512&auto=format%2Ccompress&q=75&sharp=10&rect=34%2C0%2C512%2C256&s=8cf005e86b9f71ee6cd1a59a58ae7d35,Kipande Road,Nairobi,Nairobi County,Kipande Road,98000,-1.2749951,36.8182303,Join a software development conference Build Stuff 2022 with a FREE ONLINE NETWORKING TICKET. It's more than a conference..
2022-11-24,2022-11-24,"Perishable Logistics Africa 2022 | PLA 2022 | Nairobi, Kenya",0.00,https://www.eventbrite.com/e/perishable-logistics-africa-2022-pla-2022-nairobi-kenya-tickets-403367923317,https://img.evbuc.com/https%3A%2F%2Fcdn.evbuc.com%2Fimages%2F336185789%2F1098183768433%2F1%2Foriginal.20220816-100450?w=512&auto=format%2Ccompress&q=75&sharp=10&rect=0%2C0%2C1200%2C600&s=e77b1a6f448df09f378755d685628adc,"Radisson Blu Hotel, Nairobi Upper Hill",Nairobi,Nairobi County,"Elgon Road, Nairobi, 00100, Kenya",00100,-1.302069,36.8158643,As we return to Nairobi to host the next edition of Perishable Logistics Africa (PLA).
2023-04-20,2023-04-21,"TEMS Africa ICT Expo, Conference and B2B Networking",0.00,https://www.eventbrite.com/e/tems-africa-ict-expo-conference-and-b2b-networking-tickets-348628295617,https://img.evbuc.com/https%3A%2F%2Fcdn.evbuc.com%2Fimages%2F338403579%2F246286916244%2F1%2Foriginal.20220819-102824?w=384&auto=format%2Ccompress&q=75&sharp=10&rect=0%2C0%2C384%2C192&s=566c542f14bab466a049ba30f4b09a9a,The Sarit Expo Centre,Nairobi,Nairobi County,Lower Kabete Road Westlands,00800,-1.2547315,36.7949586,Africa's Premier ICT Exhibition and Conference: Powering Africa's Growth and Transformation
2022-10-10,2022-10-10,"Planning, Programming and Monitoring Projects Training",0.00,https://www.eventbrite.com/e/planning-programming-and-monitoring-projects-training-tickets-408486954477,https://img.evbuc.com/https%3A%2F%2Fcdn.evbuc.com%2Fimages%2F342561509%2F257297691896%2F1%2Foriginal.20220826-074402?w=512&auto=format%2Ccompress&q=75&sharp=10&rect=0%2C121%2C960%2C480&s=fe1a628239a4db370b1d7ce66e7cef25,Fahari Palm Meetings and Accomodation,Kilimani,Nairobi,"George Padmore Road, Kilimani-Hurlingham",00300,-1.2963412,36.7913972,Training
2022-10-10,2022-10-10,Humanitarian Supply Chains and Logistics Training,0.00,https://www.eventbrite.com/e/humanitarian-supply-chains-and-logistics-training-tickets-408490645517,https://img.evbuc.com/https%3A%2F%2Fcdn.evbuc.com%2Fimages%2F342563999%2F257297691896%2F1%2Foriginal.20220826-075145?w=512&auto=format%2Ccompress&q=75&sharp=10&rect=0%2C0%2C940%2C470&s=5d663c0ea014db715de787a075f33ebe,Fahari Palm Meetings and Accomodation,Kilimani,Nairobi,"George Padmore Road, Kilimani-Hurlingham",00300,-1.2963412,36.7913972,Humanitarian Supply Chains and Logistics Training
2022-10-10,2022-10-14,Fundamentals of Supervision and Management,0.00,https://www.eventbrite.com/e/fundamentals-of-supervision-and-management-tickets-264202515837,https://img.evbuc.com/https%3A%2F%2Fcdn.evbuc.com%2Fimages%2F225370729%2F29650787725%2F1%2Foriginal.20200215-071049?w=512&auto=format%2Ccompress&q=75&sharp=10&rect=0%2C116%2C824%2C412&s=10146473b4f2eabbc4a2872bba807eba,Sunstar Hotel Nairobi,Nairobi,Nairobi County,Garden Estate Road,,-1.2344391,36.86767680000003,"Introduction
When a company has poor supervision, there is not enough responsibility for taking action for the prevention of problems, mista"
2022-10-28,2022-10-28,Leadership for Growth,0.00,https://www.eventbrite.com/e/leadership-for-growth-tickets-308469439397,https://img.evbuc.com/https%3A%2F%2Fcdn.evbuc.com%2Fimages%2F255545639%2F63278747125%2F1%2Foriginal.20220328-084250?w=512&auto=format%2Ccompress&q=75&sharp=10&rect=0%2C0%2C2160%2C1080&s=76c7b0fe3429bcd998c8e7a3f5997978,Amani Institute,Nairobi,Nairobi,Insecta Centre,,-1.2858261,36.77073580000001,"A 6-month, modular training and development program that builds business and leadership skills in managers across East Africa."
2022-11-09,2022-11-10,AFRICA FACTS SUMMIT 2022,0.00,https://www.eventbrite.com/e/africa-facts-summit-2022-tickets-379042756087,https://img.evbuc.com/https%3A%2F%2Fcdn.evbuc.com%2Fimages%2F324067859%2F1040616246983%2F1%2Foriginal.20220725-173805?w=512&auto=format%2Ccompress&q=75&sharp=10&rect=0%2C0%2C2160%2C1080&s=500e8dc117d79d418fe2733cdc97a369,United States International University Africa,Nairobi,Nairobi County,"USIU Road, Off Thika Road Exit 7",14634,-1.2163932,36.8949246,An event geared at strengthening the practice of fact-checking.
2022-10-18,2022-10-23,Mobex Expo,0.00,https://www.eventbrite.com/e/mobex-expo-tickets-412957526077,https://img.evbuc.com/https%3A%2F%2Fcdn.evbuc.com%2Fimages%2F347129799%2F1125080275213%2F1%2Foriginal.20220902-165027?w=512&auto=format%2Ccompress&q=75&sharp=10&rect=191%2C0%2C2754%2C1377&s=2bf9e1efb2781fe5d77b7db8b84c5c83,The Sarit Expo Centre,Nairobi,Nairobi County,"Pio Gama Pinto Road, Kenya",00800,-1.2606597,36.80151849999999,Mobex Africa Tech Expo is a festival of technology innovations and creativity. It is  Africa’s biggest tech event.
2022-10-21,2022-10-21,She Phoebe Global Pitch Competition and Watch Party,0.00,https://www.eventbrite.com/e/she-phoebe-global-pitch-competition-and-watch-party-tickets-406863217837,https://img.evbuc.com/https%3A%2F%2Fcdn.evbuc.com%2Fimages%2F348131499%2F1827785560%2F1%2Foriginal.20220905-115633?w=512&auto=format%2Ccompress&q=75&sharp=10&rect=0%2C0%2C6912%2C3456&s=1393adfcec0a05bc81d43b225c9775b4,Young Women'S Christian Association (Ywca),Nairobi,Nairobi County,Nyerere Road,,-1.2854203,36.8140995,She Phoebe Global Pitch Competition and watch Party
2022-10-17,2022-10-21,Training on Contract Management,0.00,https://www.eventbrite.com/e/training-on-contract-management-tickets-380329193857,https://img.evbuc.com/https%3A%2F%2Fcdn.evbuc.com%2Fimages%2F314028759%2F487726804143%2F1%2Foriginal.20210401-122303?w=512&auto=format%2Ccompress&q=75&sharp=10&rect=0%2C60%2C1920%2C960&s=92a6fc680cc4f8086873e4ddebce20d3,Devimpact Institute,Nairobi,Nairobi County,"Trio Complex, Off Thika Road, Near Garden City",38164-0010,-1.2355713,36.8765035,"This course is aimed at building the learner’s knowledge and skills of the contracting management processes, principles and practices"
2022-10-24,2022-10-28,"Facilities Infrastructure, Maintenance and Management (FIMM)Training",0.00,https://www.eventbrite.com/e/facilities-infrastructure-maintenance-and-management-fimmtraining-tickets-264206156727,https://img.evbuc.com/https%3A%2F%2Fcdn.evbuc.com%2Fimages%2F225373389%2F29650787725%2F1%2Foriginal.20200215-065931?w=512&auto=format%2Ccompress&q=75&sharp=10&rect=0%2C206%2C824%2C412&s=cab49790ba2d8e7e17c674ade5a326d9,Sunstar Hotel Nairobi,Nairobi,Nairobi County,Garden Estate Road,,-1.234408,36.86766899999998,"Introduction
Configuring Fire Alar"
2022-10-31,2022-10-31,Disaster Contingency Planning Training,0.00,https://www.eventbrite.com/e/disaster-contingency-planning-training-tickets-145199424387,https://img.evbuc.com/https%3A%2F%2Fcdn.evbuc.com%2Fimages%2F128449021%2F257297691896%2F1%2Foriginal.20210309-081023?w=512&auto=format%2Ccompress&q=75&sharp=10&rect=0%2C432%2C5184%2C2592&s=f59c23473794a473c5381bfbc8b04497,Appleton resort,Nairobi,Nairobi,"Mamlaka Road, Nairobi",00300,-1.2341602,36.8105228,Disaster Contingency Planning Training
2022-10-24,2022-10-28,Planning & Implementing Corporate Document Control Program,0.00,https://www.eventbrite.com/e/planning-implementing-corporate-document-control-program-tickets-264212305117,https://img.evbuc.com/https%3A%2F%2Fcdn.evbuc.com%2Fimages%2F225375099%2F29650787725%2F1%2Foriginal.20200210-070711?w=512&auto=format%2Ccompress&q=75&sharp=10&rect=0%2C0%2C620%2C310&s=8734c736da8f04ddc17e39f08fae8e57,Sunstar Hotel Nairobi,Nairobi,Nairobi County,Garden Estate Road,,-1.2344391,36.86767680000003,"Events
Organisations can produce thousands of documents daily (electronic and hardcopy) to perform their core processes. These documents can"
2022-11-26,2022-11-27,8th International Schools Fair www.isefafrica.com info@isefafrica.com,0.00,https://www.eventbrite.co.uk/e/8th-international-schools-fair-wwwisefafricacom-infoisefafricacom-tickets-390973220427,https://img.evbuc.com/https%3A%2F%2Fcdn.evbuc.com%2Fimages%2F324478839%2F233903273324%2F1%2Foriginal.20220726-092825?w=512&auto=format%2Ccompress&q=75&sharp=10&rect=0%2C175%2C2738%2C1369&s=cb5fc74f2bf3f473e8c0f4854ce48356,The Sarit Expo Centre,Nairobi,Nairobi County,Lower Kabete,00800,-1.2427691,36.7617496,The  Fair connects local and international families across Africa with leading international and independent schools globally.
2022-10-24,2022-10-28,"Fire Detection, Suppression & Alarm System Installation Training",0.00,https://www.eventbrite.com/e/fire-detection-suppression-alarm-system-installation-training-tickets-264213719347,https://img.evbuc.com/https%3A%2F%2Fcdn.evbuc.com%2Fimages%2F225377089%2F29650787725%2F1%2Foriginal.20200215-063742?w=512&auto=format%2Ccompress&q=75&sharp=10&rect=0%2C48%2C824%2C412&s=0a0634762d6b0fba49574116737afb9c,Kenvision Techniks Talent Centre,Nairobi,Wilaya ya Kiambu,Kahawa Sukari,,-1.1961911,36.94873329999996,"Synopsis
Security and fire alarm systems are often the first line of defense against property crime, potential fatalities, severe injuries,"
2023-06-28,2023-06-30,East Africa Bakery & Pastry Expo 2023,0.00,https://www.eventbrite.co.uk/e/east-africa-bakery-pastry-expo-2023-tickets-380977011497,https://img.evbuc.com/https%3A%2F%2Fcdn.evbuc.com%2Fimages%2F314755249%2F237532290861%2F1%2Foriginal.20220707-131928?w=512&auto=format%2Ccompress&q=75&sharp=10&rect=0%2C0%2C3124%2C1562&s=1f8e91413326bcb31601e756a94f3575,Sarit Centre,Nairobi,Nairobi County,Westlands,,-1.2682643,36.81112140000005,"Source for the widest selection of quality and cost-effective Bakery Ingredients, Equipment, related products, and services under one roof."
2022-11-07,2022-11-15,Training on Results-Based Monitoring and Evaluation,0.00,https://www.eventbrite.com/e/training-on-results-based-monitoring-and-evaluation-tickets-377730049747,https://img.evbuc.com/https%3A%2F%2Fcdn.evbuc.com%2Fimages%2F311728759%2F487726804143%2F1%2Foriginal.20210401-111842?w=512&auto=format%2Ccompress&q=75&sharp=10&rect=0%2C83%2C1920%2C960&s=fa9d937ee6ce83f07106815aa50a49a6,Devimpact Institute,Nairobi,Nairobi County,"Trio Complex, Off Thika Road, Near Garden City",38164-0010,-1.2355713,36.8765035,This course equips participants with skills in setting up and implementing results based monitoring and evaluation systems.
2022-12-13,2022-12-15,The Africa Imaging Expo.,0.00,https://www.eventbrite.com/e/the-africa-imaging-expo-tickets-386769065687,https://img.evbuc.com/https%3A%2F%2Fcdn.evbuc.com%2Fimages%2F321475549%2F317006370257%2F1%2Foriginal.20220720-082145?w=500&auto=format%2Ccompress&q=75&sharp=10&rect=0%2C125%2C500%2C250&s=a2939f7f380cd36ba1ac744c5518fe62,Visa Oshwal Community Centre,Nairobi,Nairobi County,Ring Road Parklands,,-1.2597937,36.805659,Come learn what's new in the Imaging industry with the newest trends shaping the photo and video industry from the industry leads.
2022-11-14,2022-11-18,Training on Public Relations,0.00,https://www.eventbrite.com/e/training-on-public-relations-tickets-289499158777,https://img.evbuc.com/https%3A%2F%2Fcdn.evbuc.com%2Fimages%2F239515299%2F487726804143%2F1%2Foriginal.20220302-133503?w=512&auto=format%2Ccompress&q=75&sharp=10&rect=0%2C0%2C600%2C300&s=9f7b69391b85bd91a65f4fc0f2d5932c,Devimpact Institute,Nairobi,Nairobi County,"Trio Complex, Off Thika Road, Near Garden City",38164-0010,-1.2355713,36.8765035,"This course is aimed at equipping the participants with the  skills to influence, engage and build a relationship with key stakeholders."
2022-11-14,2022-11-18,ARCHICAD SPECIALIST CERTIFICATE COURSE,0.00,https://www.eventbrite.com/e/archicad-specialist-certificate-course-tickets-264219958007,https://img.evbuc.com/https%3A%2F%2Fcdn.evbuc.com%2Fimages%2F225382889%2F29650787725%2F1%2Foriginal.20200215-070524?w=512&auto=format%2Ccompress&q=75&sharp=10&rect=0%2C127%2C824%2C412&s=e8fd0501cdc15bdfda26990b911bbbfe,Kenvision Techniks Talent Centre,Nairobi,Wilaya ya Kiambu,Kahawa Sukari,,-1.1961911,36.94873329999996,"INTRODUCTION
This training is based on ArchiCAD 21 which offers a one-of-a-kind, BIM-based construction documentation solution. It simplifie"
2023-04-19,2023-04-22,East Africa Clean Expo 2023,0.00,https://www.eventbrite.co.uk/e/east-africa-clean-expo-2023-registration-318924209897,https://img.evbuc.com/https%3A%2F%2Fcdn.evbuc.com%2Fimages%2F264829949%2F237532290861%2F1%2Foriginal.20220411-195335?w=512&auto=format%2Ccompress&q=75&sharp=10&rect=0%2C0%2C2362%2C1181&s=02c255224c5152e5150967f93449cf27,TBA,Nairobi,Nairobi,Westlands,00621,-1.2695135,36.8087826,"If you're looking for top-quality cleaning products and services, then you need to head to East Africa Clean Expo!"
2022-11-28,2022-12-09,Advanced Supervisory Skills Certificate,0.00,https://www.eventbrite.com/e/advanced-supervisory-skills-certificate-tickets-264960854047,https://img.evbuc.com/https%3A%2F%2Fcdn.evbuc.com%2Fimages%2F225959059%2F29650787725%2F1%2Foriginal.20200215-071049?w=512&auto=format%2Ccompress&q=75&sharp=10&rect=0%2C116%2C824%2C412&s=aacebadb3fa89707df8b008b4b940588,Sunstar Hotel Nairobi,Nairobi,Nairobi County,Garden Estate Road,,-1.2344391,36.86767680000003,"Introduction
When a company has poor supervision, there is not enough responsibility for taking action for the prevention of problems, mista"
2022-11-21,2022-12-02,"Generator  Installation, Repair & Emergency Power maintenance training",0.00,https://www.eventbrite.com/e/generator-installation-repair-emergency-power-maintenance-training-tickets-264960091767,https://img.evbuc.com/https%3A%2F%2Fcdn.evbuc.com%2Fimages%2F225957129%2F29650787725%2F1%2Foriginal.20200214-130542?w=512&auto=format%2Ccompress&q=75&sharp=10&rect=0%2C0%2C780%2C390&s=ba744b2a0e14aed7b79bf2d5ca66a53a,Mlolongo,Mlolongo,Machakos County,Mombasa Rd,,-1.3922344,36.94067180000002,"Introduction
Examining generator conditions

This workshop will focus on generators and emergency power so"
2022-12-12,2022-12-16,Training on Electronics Document Management,0.00,https://www.eventbrite.com/e/training-on-electronics-document-management-tickets-379667775537,https://img.evbuc.com/https%3A%2F%2Fcdn.evbuc.com%2Fimages%2F313325819%2F487726804143%2F1%2Foriginal.20220705-132522?w=512&auto=format%2Ccompress&q=75&sharp=10&rect=0%2C0%2C600%2C300&s=97edd55c6fb1f879f327bac2e9509125,Devimpact Institute,Nairobi,Nairobi County,"Trio Complex, Off Thika Road, Near Garden City",38164,-1.2134454,36.8997048,Understand the concepts of Electronic Records Management (ERM) and how it supports organization’s business processes
2023-03-30,2023-03-31,AFRICA MEDTECH CONFERENCE,0.00,https://www.eventbrite.com/e/africa-medtech-conference-tickets-403657168457,https://img.evbuc.com/https%3A%2F%2Fcdn.evbuc.com%2Fimages%2F336588759%2F278287293768%2F1%2Foriginal.20220816-193840?w=512&auto=format%2Ccompress&q=75&sharp=10&rect=0%2C94%2C960%2C480&s=d7729e1630646fcfaec0ae5458a827b0,"Radisson Blu Hotel, Nairobi Upper Hill",Nairobi,Nairobi County,Radisson blu,00100,-1.2920659,36.8219462,"Amber Medical shall be hosting the Africa MedTech conference at Radisson Blu hotel, Nairobi Kenya on 30th and 31st March 2023."
2050-03-30,2050-03-30,Understanding Web hosting & Domain Names,0.00,https://www.eventbrite.com/e/understanding-web-hosting-domain-names-tickets-95568601259,https://demofree.sirv.com/nope-not-here.jpg,Philadelphia House,Nairobi,Nairobi,Nairobi,01100,-1.2920659,36.82194619999996,"Understand, Domain Names and web hosting and why you need them for your business."
2022-09-07,2022-09-09,Data Analytics Training with Power BI,0.00,https://www.eventbrite.com/e/data-analytics-training-with-power-bi-tickets-374182659407,https://img.evbuc.com/https%3A%2F%2Fcdn.evbuc.com%2Fimages%2F343785809%2F275518349896%2F1%2Foriginal.20220829-105503?w=512&auto=format%2Ccompress&q=75&sharp=10&rect=0%2C132%2C2558%2C1279&s=92497e86f07a733c2ef5b2aaedefde29,La Maison Royale South C,Nairobi,Nairobi County,Off Mombasa Rd,,-1.3230655,36.83003089999999,Power BI is a Data Visualization and Business Intelligence tool that converts data from different data sources to interactive dashboards and
2022-10-19,2022-10-22,The AFALA 2022 - The African Assembly on Linguistic Anthropology 2022,0.00,https://www.eventbrite.com/e/the-afala-2022-the-african-assembly-on-linguistic-anthropology-2022-tickets-215575280467,https://img.evbuc.com/https%3A%2F%2Fcdn.evbuc.com%2Fimages%2F193175809%2F269011202498%2F1%2Foriginal.20211129-122844?w=512&auto=format%2Ccompress&q=75&sharp=10&rect=280%2C0%2C1360%2C680&s=8309f8611581d7bc6d5a2ccdf2f4e792,University of Nairobi,Nairobi,Nairobi Area,"University of Nairobi, Kenya",00100,-1.2794987,36.8159447,"The SOAS GLOCAL AFALA 2022, The GLOCAL Assembly on African Linguistic Anthropology 2022"
2022-09-21,2022-09-21,Totalcoin Income Opportunities Free Interactive Seminar,0.00,https://www.eventbrite.com/e/totalcoin-income-opportunities-free-interactive-seminar-tickets-394268877827,https://img.evbuc.com/https%3A%2F%2Fcdn.evbuc.com%2Fimages%2F327563229%2F215027208367%2F1%2Foriginal.20220801-105609?w=512&auto=format%2Ccompress&q=75&sharp=10&rect=28%2C0%2C736%2C368&s=3c29fd6526b87c8e5c8f3b818eb1df9b,Marble Arch Hotel,Nairobi,Nairobi County,P.O Box 13664,00400,-1.2920659,36.82194619999996,Get Free Bitcoin to Start your Investment Journey on Totalcoin
2022-09-10,2022-09-10,Make Fashion Circular: Textile Waste and Its Impact in Kenya,0.00,https://www.eventbrite.com/e/make-fashion-circular-textile-waste-and-its-impact-in-kenya-tickets-392741168407,https://img.evbuc.com/https%3A%2F%2Fcdn.evbuc.com%2Fimages%2F336611879%2F38806668370%2F1%2Foriginal.20220816-200836?w=512&auto=format%2Ccompress&q=75&sharp=10&rect=0%2C0%2C2160%2C1080&s=47144b0a5da938c0e81913c9c824a881,The Atrium,Nairobi,Nairobi County,Chaka Road,,-1.289143,36.7903737,"Join us for a panel discussion followed by a ""networking"" clothing swap!"
2022-09-10,2022-09-10,Andela September Meet-up | Nairobi,0.00,https://www.eventbrite.com/e/andela-september-meet-up-nairobi-tickets-407887692067,https://img.evbuc.com/https%3A%2F%2Fcdn.evbuc.com%2Fimages%2F341876909%2F705730673293%2F1%2Foriginal.20220825-092525?w=512&auto=format%2Ccompress&q=75&sharp=10&rect=0%2C0%2C2160%2C1080&s=0e840ed06bd553e32711f10200e35101,Strikez Bowling,Nairobi,Nairobi County,Mwanzi Road,,-1.2570461,36.8033013,Andelans of Nairobi are invited to come together for an afternoon of bowling and networking
2022-09-24,2022-09-24,CONVO SATO – French conversations,0.00,https://www.eventbrite.com/e/convo-sato-french-conversations-tickets-340116767407,https://img.evbuc.com/https%3A%2F%2Fcdn.evbuc.com%2Fimages%2F284466249%2F961056600783%2F1%2Foriginal.20220513-191104?w=360&auto=format%2Ccompress&q=75&sharp=10&rect=0%2C13%2C360%2C180&s=7a6e656188d1f6f3118d8b2f3e081988,Arboretum,Nairobi,Nairobi,Arboretum,00100,-1.276721,36.8076417,CONVO SATO is all about French conversations. Come practice your French language with friends as we become multilingual! Karibu!
2022-10-26,2022-10-27,African Insurance & Reinsurance Conference 2022,0.00,https://www.eventbrite.com/e/african-insurance-reinsurance-conference-2022-tickets-367410082447,https://img.evbuc.com/https%3A%2F%2Fcdn.evbuc.com%2Fimages%2F303282909%2F192316792531%2F1%2Foriginal.20220615-085608?w=512&auto=format%2Ccompress&q=75&sharp=10&rect=0%2C64%2C1078%2C539&s=ca8d8448adf82b4dd9a38060cdda3f02,Crowne Plaza Nairobi,Nairobi,Nairobi County,Upper Hill Road,,-1.300419,36.81564900000001,The hybrid Africa Insurance & Reinsurance Conference ( AIRC 2022) will be held on the 26th & 27th October 2022
2022-09-06,2022-09-06,TRADEHOUSE KENYA,0.00,https://www.eventbrite.com/e/tradehouse-kenya-tickets-259951631327,https://img.evbuc.com/https%3A%2F%2Fcdn.evbuc.com%2Fimages%2F222321159%2F295639653934%2F1%2Foriginal.20220201-233041?w=512&auto=format%2Ccompress&q=75&sharp=10&rect=0%2C0%2C2160%2C1080&s=842c1d308e60d8df726b192108e37e81,Level 24 Eatery 24th Floor Le Mac Building,Nairobi,Nairobi County,"Church Road, off Rhapta Road",00800,-1.2633142,36.788277,WELCOME TO KENYA ENTREPRENEURS LEARN HOW TRADE FOREX & CRYPTO.
2022-09-26,2022-09-26,Nairobi books club,0.00,https://www.eventbrite.hk/e/nairobi-books-club-tickets-358606380337,https://demofree.sirv.com/nope-not-here.jpg,Kimathi Street,Nairobi,Nairobi County,Kimathi Street,,-1.2837414,36.8227456,"Eat, drink and lose yourself in books, find yourself and others too!!! Every 3rd Sunday of Month. 3pm Kimanthi street."
2022-09-06,2022-09-06,WELCOME TO THE NEW ERA: WOMEN INTO FOREX AND CRYPTO,0.00,https://www.eventbrite.com/e/welcome-to-the-new-era-women-into-forex-and-crypto-tickets-259942915257,https://img.evbuc.com/https%3A%2F%2Fcdn.evbuc.com%2Fimages%2F222319189%2F295639653934%2F1%2Foriginal.20220201-232717?w=512&auto=format%2Ccompress&q=75&sharp=10&rect=0%2C0%2C2160%2C1080&s=12c900294117bcb15e25b0d683b6d42a,Level 24 Eatery 24th Floor Le Mac Building,Nairobi,Nairobi County,Church Road,00800,-1.2614276,36.7894403,"Learn the Power of Forex & Crypto in Kenya, essential for this digital age"
2022-11-22,2022-11-23,Annual Banking and Finance Conference 2022,0.00,https://www.eventbrite.com/e/annual-banking-and-finance-conference-2022-tickets-367421606917,https://img.evbuc.com/https%3A%2F%2Fcdn.evbuc.com%2Fimages%2F303293559%2F192316792531%2F1%2Foriginal.20220615-092602?w=512&auto=format%2Ccompress&q=75&sharp=10&rect=0%2C22%2C1920%2C960&s=ae890200a9a600fd924551a4430421b4,Crowne Plaza Nairobi,Nairobi,Nairobi County,Upper Hill Road,,-1.300419,36.81564900000001,The Hybrid  Annual Banking and Finance Conference 2022 which is scheduled to be held on the 22nd  & 23rd  November 2022.
2022-09-05,2022-09-09,Car Alarms & GPS Tracker Systems Installation Skills,0.00,https://www.eventbrite.com/e/car-alarms-gps-tracker-systems-installation-skills-tickets-264191232087,https://img.evbuc.com/https%3A%2F%2Fcdn.evbuc.com%2Fimages%2F343920719%2F29650787725%2F1%2Foriginal.20220829-152323?w=512&auto=format%2Ccompress&q=75&sharp=10&rect=0%2C50%2C1800%2C900&s=6507f0f196ee6b3aa81721413283577f,KENVISION TECHNIKS WORKSHOPS,Nairobi,Nairobi,KAHAWA SUKARI AVE,,-1.1892513,36.93200019999995,"Automotive security systems & Components Installation Skills
Fee: 200 USD or KES 20K
Venue: Kenvision Techniks Talent Centre, Q7-9, Feliz"
2022-11-09,2022-11-11,The BIG 5 Construct Kenya 2022,0.00,https://www.eventbrite.co.uk/e/the-big-5-construct-kenya-2022-registration-333512995347,https://img.evbuc.com/https%3A%2F%2Fcdn.evbuc.com%2Fimages%2F322142889%2F495737501227%2F1%2Foriginal.20220721-080225?w=512&auto=format%2Ccompress&q=75&sharp=10&rect=0%2C529%2C4952%2C2476&s=d19f70250076a1ad870fe4c936c9327e,"The Sarit Expo Centre, Nairobi",Kenya,Nairobi County,Pio Gama Pinto Road,00800,-1.2617622,36.8015602,A 3-day face to face conference and exhibition giving you direct access to key buyers in Kenya's thriving construction market.
2023-07-15,2023-07-15,Maximize Your Resume Score Workshop - Nairobi,0.00,https://www.eventbrite.com/e/maximize-your-resume-score-workshop-nairobi-tickets-399396715327,https://img.evbuc.com/https%3A%2F%2Fcdn.evbuc.com%2Fimages%2F332131429%2F442638740656%2F1%2Foriginal.20220805-083517?w=512&auto=format%2Ccompress&q=75&sharp=10&rect=0%2C16%2C1640%2C820&s=323381006d6b92eacdf1c00473116773,"ONLINE EVENT - Attend Anywhere with Fast Wifi and Sound, Nairobi",Nairobi,,Nairobi,100,-1.2920659,36.8219462,Discover The Top Resume Mistakes That May Be Costing You Your Dream Job
2023-06-24,2023-06-30,Reset your mind - Revive your life: 7-Day Retreat in Magical Kenya,0.00,https://www.eventbrite.com/e/reset-your-mind-revive-your-life-7-day-retreat-in-magical-kenya-tickets-413659515747,https://img.evbuc.com/https%3A%2F%2Fcdn.evbuc.com%2Fimages%2F347722609%2F689333349913%2F1%2Foriginal.jpg?w=512&auto=format%2Ccompress&q=75&sharp=10&rect=0%2C0%2C2160%2C1080&s=4b6fe604f3c4529b17ab9605e7d5d454,Kenya,Nyeri,Laikipia,Sandai Farm,10100,-0.2949237,36.951313,A retreat for mid-career professionals to reset their mind and come away with clear next steps for their life journey.
